Return Period (years),30 mins,60 mins,180 mins,1440 mins
2,33.002557912174055,22.305962499753665,11.08822615174092,2.6732033345181008
5,39.64017869219946,26.79223658192765,13.318339360367913,3.210849842090328
10,45.53460805551805,30.77619808835168,15.29875451454689,3.68829793175165
25,54.69273032725043,36.966043508971815,18.375707856905997,4.430104765630084
50,62.82544935720902,42.46283336950474,21.10814538713401,5.088854056743802
100,72.16749032857552,48.77698684006331,24.246891883239087,5.845558283801594
